create database music;
use music;
CREATE TABLE Users
(
    user_id INT PRIMARY KEY,
    username VARCHAR(50) NOT NULL,
    email VARCHAR(50) NOT NULL UNIQUE,
    subscription_plan VARCHAR(20) NOT NULL,
    registration_date DATE NOT NULL
);
INSERT INTO Users (user_id, username, email, subscription_plan, registration_date) VALUES
(1, 'john_doe', 'john.doe1@example.com', 'Premium', '2023-01-15'),
(2, 'jane_smith', 'jane.smith2@example.com', 'Free', '2023-02-10'),
(3, 'alice_jones', 'alice.jones3@example.com', 'Premium', '2023-03-05'),
(4, 'bob_brown', 'bob.brown4@example.com', 'Free', '2023-04-20'),
(5, 'charlie_davis', 'charlie.davis5@example.com', 'Premium', '2023-05-18'),
(6, 'diana_clark', 'diana.clark6@example.com', 'Free', '2023-06-22'),
(7, 'edward_lewis', 'edward.lewis7@example.com', 'Premium', '2023-07-30'),
(8, 'fiona_harris', 'fiona.harris8@example.com', 'Free', '2023-08-14'),
(9, 'george_martin', 'george.martin9@example.com', 'Premium', '2023-09-09'),
(10, 'hannah_thomas', 'hannah.thomas10@example.com', 'Free', '2023-10-25'),
(11, 'ian_wilson', 'ian.wilson11@example.com', 'Premium', '2023-11-11'),
(12, 'julia_moore', 'julia.moore12@example.com', 'Free', '2023-12-05'),
(13, 'kevin_taylor', 'kevin.taylor13@example.com', 'Premium', '2024-01-19'),
(14, 'linda_anderson', 'linda.anderson14@example.com', 'Free', '2024-02-23'),
(15, 'michael_thompson', 'michael.thompson15@example.com', 'Premium', '2024-03-17'),
(16, 'nina_white', 'nina.white16@example.com', 'Free', '2024-04-08'),
(17, 'oliver_hall', 'oliver.hall17@example.com', 'Premium', '2024-05-12'),
(18, 'paula_king', 'paula.king18@example.com', 'Free', '2024-06-27'),
(19, 'quentin_lee', 'quentin.lee19@example.com', 'Premium', '2024-07-03'),
(20, 'rachel_scott', 'rachel.scott20@example.com', 'Free', '2024-08-16'),
(21, 'samuel_green', 'samuel.green21@example.com', 'Premium', '2024-09-21'),
(22, 'tina_adams', 'tina.adams22@example.com', 'Free', '2024-10-30'),
(23, 'ulysses_baker', 'ulysses.baker23@example.com', 'Premium', '2024-11-14'),
(24, 'victoria_gonzalez', 'victoria.gonzalez24@example.com', 'Free', '2024-12-01'),
(25, 'william_nelson', 'william.nelson25@example.com', 'Premium', '2025-01-08'),
(26, 'xena_carter', 'xena.carter26@example.com', 'Free', '2025-02-19'),
(27, 'yan_perez', 'yan.perez27@example.com', 'Premium', '2025-03-25'),
(28, 'zoe_roberts', 'zoe.roberts28@example.com', 'Free', '2025-04-13'),
(29, 'aaron_turner', 'aaron.turner29@example.com', 'Premium', '2025-05-07'),
(30, 'bella_phillips', 'bella.phillips30@example.com', 'Free', '2025-06-21'),
(31, 'carl_parker', 'carl.parker31@example.com', 'Premium', '2025-07-29'),
(32, 'daisy_evans', 'daisy.evans32@example.com', 'Free', '2025-08-05'),
(33, 'ethan_edwards', 'ethan.edwards33@example.com', 'Premium', '2025-09-18'),
(34, 'faith_collins', 'faith.collins34@example.com', 'Free', '2025-10-22'),
(35, 'gabriel_stewart', 'gabriel.stewart35@example.com', 'Premium', '2025-11-06'),
(36, 'helena_morris', 'helena.morris36@example.com', 'Free', '2025-12-15'),
(37, 'isaac_roberts', 'isaac.roberts37@example.com', 'Premium', '2026-01-11'),
(38, 'jasmine_cooper', 'jasmine.cooper38@example.com', 'Free', '2026-02-27'),
(39, 'kyle_reed', 'kyle.reed39@example.com', 'Premium', '2026-03-19'),
(40, 'lily_cook', 'lily.cook40@example.com', 'Free', '2026-04-04'),
(41, 'mason_morgan', 'mason.morgan41@example.com', 'Premium', '2026-05-14'),
(42, 'nora_bell', 'nora.bell42@example.com', 'Free', '2026-06-09'),
(43, 'owen_murphy', 'owen.murphy43@example.com', 'Premium', '2026-07-23'),
(44, 'penelope_bailey', 'penelope.bailey44@example.com', 'Free', '2026-08-17'),
(45, 'quincy_rivera', 'quincy.rivera45@example.com', 'Premium', '2026-09-12'),
(46, 'ruby_cox', 'ruby.cox46@example.com', 'Free', '2026-10-28'),
(47, 'steven_hughes', 'steven.hughes47@example.com', 'Premium', '2026-11-03'),
(48, 'talia_barnes', 'talia.barnes48@example.com', 'Free', '2026-12-20'),
(49, 'ursula_kelly', 'ursula.kelly49@example.com', 'Premium', '2027-01-16'),
(50, 'vince_sanders', 'vince.sanders50@example.com', 'Free', '2027-02-05'),
(51, 'wanda_price', 'wanda.price51@example.com', 'Premium', '2027-03-10'),
(52, 'xavier_bryant', 'xavier.bryant52@example.com', 'Free', '2027-04-18'),
(53, 'yara_jenkins', 'yara.jenkins53@example.com', 'Premium', '2027-05-24'),
(54, 'zachary_george', 'zachary.george54@example.com', 'Free', '2027-06-30'),
(55, 'amber_watson', 'amber.watson55@example.com', 'Premium', '2027-07-07'),
(56, 'brian_reyes', 'brian.reyes56@example.com', 'Free', '2027-08-13'),
(57, 'clara_brooks', 'clara.brooks57@example.com', 'Premium', '2027-09-19'),
(58, 'derek_long', 'derek.long58@example.com', 'Free', '2027-10-25'),
(59, 'elena_foster', 'elena.foster59@example.com', 'Premium', '2027-11-11'),
(60, 'felix_hamilton', 'felix.hamilton60@example.com', 'Free', '2027-12-29'),
(61, 'grace_graham', 'grace.graham61@example.com', 'Premium', '2028-01-04'),
(62, 'harry_watkins', 'harry.watkins62@example.com', 'Free', '2028-02-14'),
(63, 'isla_wheeler', 'isla.wheeler63@example.com', 'Premium', '2028-03-21'),
(64, 'jackson_hunter', 'jackson.hunter64@example.com', 'Free', '2028-04-17'),
(65, 'karen_fisher', 'karen.fisher65@example.com', 'Premium', '2028-05-09'),
(66, 'leo_simmons', 'leo.simmons66@example.com', 'Free', '2028-06-26'),
(67, 'mia_hansen', 'mia.hansen67@example.com', 'Premium', '2028-07-15'),
(68, 'noah_ellis', 'noah.ellis68@example.com', 'Free', '2028-08-08'),
(69, 'olivia_james', 'olivia.james69@example.com', 'Premium', '2028-09-23'),
(70, 'peter_flores', 'peter.flores70@example.com', 'Free', '2028-10-19'),
(71, 'quinn_mcdonald', 'quinn.mcdonald71@example.com', 'Premium', '2028-11-27'),
(72, 'ruby_patterson', 'ruby.patterson72@example.com', 'Free', '2028-12-03'),
(73, 'sophia_jordan', 'sophia.jordan73@example.com', 'Premium', '2029-01-20'),
(74, 'tyler_reid', 'tyler.reid74@example.com', 'Free', '2029-02-11'),
(75, 'ursula_campbell', 'ursula.campbell75@example.com', 'Premium', '2029-03-05'),  
(76, 'victor_graham', 'victor.graham76@example.com', 'Free', '2029-04-29'),
(77, 'willa_powell', 'willa.powell77@example.com', 'Premium', '2029-05-13'),
(78, 'xander_freeman', 'xander.freeman78@example.com', 'Free', '2029-06-07'),
(79, 'yasmin_hunter', 'yasmin.hunter79@example.com', 'Premium', '2029-07-22'),
(80, 'zeke_ward', 'zeke.ward80@example.com', 'Free', '2029-08-16'),
(81, 'alice_morgan', 'alice.morgan81@example.com', 'Premium', '2029-09-10'),
(82, 'benjamin_cole', 'benjamin.cole82@example.com', 'Free', '2029-10-24'),
(83, 'chloe_reynolds', 'chloe.reynolds83@example.com', 'Premium', '2029-11-18'),
(84, 'daniel_bennett', 'daniel.bennett84@example.com', 'Free', '2029-12-12'),
(85, 'eva_gray', 'eva.gray85@example.com', 'Premium', '2030-01-30'),
(86, 'finn_russell', 'finn.russell86@example.com', 'Free', '2030-02-25'),
(87, 'grace_hamilton', 'grace.hamilton87@example.com', 'Premium', '2030-03-14'),
(88, 'henry_west', 'henry.west88@example.com', 'Free', '2030-04-09'),
(89, 'isabella_bennett', 'isabella.bennett89@example.com', 'Premium', '2030-05-03'),
(90, 'jacob_campbell', 'jacob.campbell90@example.com', 'Free', '2030-06-28'),
(91, 'kylie_richardson', 'kylie.richardson91@example.com', 'Premium', '2030-07-19'),
(92, 'logan_wood', 'logan.wood92@example.com', 'Free', '2030-08-04'),
(93, 'mia_owens', 'mia.owens93@example.com', 'Premium', '2030-09-29'),
(94, 'noah_hall', 'noah.hall94@example.com', 'Free', '2030-10-15'),
(95, 'olivia_allen', 'olivia.allen95@example.com', 'Premium', '2030-11-07'),
(96, 'patrick_scott', 'patrick.scott96@example.com', 'Free', '2030-12-21'),
(97, 'quincy_mitchell', 'quincy.mitchell97@example.com', 'Premium', '2031-01-13'), 
(98, 'rachel_perez', 'rachel.perez98@example.com', 'Free', '2031-02-02'),
(99, 'simon_barnett', 'simon.barnett99@example.com', 'Premium', '2031-03-27'),
(100, 'tina_cooper', 'tina.cooper100@example.com', 'Free', '2031-04-19');
 select* from Users;
 create table artist
 (
	artist_id INT Primary Key, 
	artist_name VARCHAR(50),
	genre VARCHAR(50)
);
INSERT INTO artist (artist_id, artist_name, genre) 
VALUES 
(1, 'Michael Martinez', 'Blues'),
(2, 'Kevin Arnold', 'Reggae'),
(3, 'Kimberly Weaver MD', 'R&B'),
(4, 'Steven Pope', 'Country'),
(5, 'Christopher Barker', 'Electronic'),
(6, 'Mary Ford', 'Pop'),
(7, 'James Young', 'Rock'),
(8, 'Emily Johnson', 'Hip-Hop'),
(9, 'Richard Thompson', 'Jazz'),
(10, 'Amanda Brooks', 'Classical'),
(11, 'Jessica Walters', 'Country'),
(12, 'Charles King', 'Rock'),
(13, 'Daniel Diaz', 'R&B'),
(14, 'Sarah Phillips', 'Pop'),
(15, 'Jennifer Lee', 'Jazz'),
(16, 'Edward White', 'Classical'),
(17, 'Anthony Johnson', 'Blues'),
(18, 'Catherine Wright', 'Reggae'),
(19, 'Brian Collins', 'Hip-Hop'),
(20, 'Rebecca Reed', 'Electronic'),
(21, 'Angela Anderson', 'Rock'),
(22, 'David Harris', 'Jazz'),
(23, 'Matthew Hall', 'Blues'),
(24, 'George Robinson', 'Pop'),
(25, 'Patricia Scott', 'Classical'),
(26, 'Timothy Turner', 'Country'),
(27, 'Christina Gonzalez', 'Hip-Hop'),
(28, 'Sharon Ramirez', 'R&B'),
(29, 'Frank Nelson', 'Reggae'),
(30, 'Kyle Rivera', 'Electronic'),
(31, 'Paul Clark', 'Rock'),
(32, 'Dorothy Stewart', 'Jazz'),
(33, 'Kenneth Carter', 'Classical'),
(34, 'Victoria Patterson', 'Blues'),
(35, 'Larry Simmons', 'Pop'),
(36, 'Martha Long', 'Hip-Hop'),
(37, 'Denise Barnes', 'R&B'),
(38, 'Steven Bell', 'Electronic'),
(39, 'Nicholas Alexander', 'Reggae'),
(40, 'Christine Hughes', 'Country'),
(41, 'Benjamin Martinez', 'Rock'),
(42, 'Theresa Rogers', 'Jazz'),
(43, 'Peter Price', 'Classical'),
(44, 'Ralph Brooks', 'Blues'),
(45, 'Janice Campbell', 'Hip-Hop'),
(46, 'Betty Mitchell', 'Pop'),
(47, 'Alexander Gray', 'R&B'),
(48, 'Jack Bennett', 'Electronic'),
(49, 'Ronald Torres', 'Reggae'),
(50, 'Judith Ross', 'Country'),
(51, 'Heather Foster', 'Rock'),
(52, 'Ryan Cooper', 'Jazz'),
(53, 'Philip Russell', 'Blues'),
(54, 'Katherine Edwards', 'Classical'),
(55, 'Terry Baker', 'Pop'),
(56, 'Alice Bailey', 'Hip-Hop'),
(57, 'Gregory Kelly', 'Electronic'),
(58, 'Maria Flores', 'Reggae'),
(59, 'Sandra Allen', 'Country'),
(60, 'Joseph Perry', 'Rock'),
(61, 'Evelyn Peterson', 'R&B'),
(62, 'Mildred Morris', 'Jazz'),
(63, 'Earl Ward', 'Blues'),
(64, 'Wayne Foster', 'Classical'),
(65, 'Randy Howard', 'Electronic'),
(66, 'Amy Griffin', 'Hip-Hop'),
(67, 'Eric Murray', 'Pop'),
(68, 'Shirley Perry', 'Reggae'),
(69, 'Brenda Hughes', 'R&B'),
(70, 'Jerry Myers', 'Country'),
(71, 'Walter Freeman', 'Rock'),
(72, 'Jeanette Tucker', 'Jazz'),
(73, 'Willie Lopez', 'Blues'),
(74, 'Matthew James', 'Classical'),
(75, 'Chris Patterson', 'Electronic'),
(76, 'Diane Cole', 'Hip-Hop'),
(77, 'Eleanor Jenkins', 'Pop'),
(78, 'Robin Kelley', 'Reggae'),
(79, 'Louis Hernandez', 'Country'),
(80, 'Alfred Ford', 'Rock'),
(81, 'Monica Gray', 'R&B'),
(82, 'Lawrence Powell', 'Jazz'),
(83, 'Joan Morgan', 'Blues'),
(84, 'Shawn Barnes', 'Classical'),
(85, 'Bobby Russell', 'Hip-Hop'),
(86, 'Eugene Thompson', 'Pop'),
(87, 'Jackie Crawford', 'Reggae'),
(88, 'Marie Patterson', 'Country'),
(89, 'Melvin Reynolds', 'Electronic'),
(90, 'Gloria George', 'R&B'),
(91, 'Kathryn Simmons', 'Jazz'),
(92, 'Dean Webb', 'Blues'),
(93, 'Johnny Chapman', 'Classical'),
(94, 'Samuel Fowler', 'Hip-Hop'),
(95, 'Eva Duncan', 'Pop'),
(96, 'Diana Rose', 'Reggae'),
(97, 'Marilyn Black', 'Country'),
(98, 'Dale Weaver', 'Rock'),
(99, 'Rachel Ortiz', 'R&B'),
(100, 'Ann Brown', 'Jazz');
select*from artist;
create table album
(
    album_id INT PRIMARY KEY,            
    album_name VARCHAR(100) NOT NULL,    
    release_date DATE,                  
    genre VARCHAR(50),                  
    artist_id INT,                      
    FOREIGN KEY (artist_id) REFERENCES artist(artist_id) 
);
INSERT INTO album (album_id, album_name, release_date, genre, artist_id) VALUES
(1, 'The Dark Side of the Moon', '1973-03-01', 'Progressive Rock', 1),
(2, 'Thriller', '1982-11-30', 'Pop', 2),
(3, 'Back in Black', '1980-07-25', 'Hard Rock', 3),
(4, 'The Wall', '1979-11-30', 'Progressive Rock', 1),
(5, 'Rumours', '1977-02-04', 'Rock', 4),
(6, 'Abbey Road', '1969-09-26', 'Rock', 5),
(7, 'The Beatles', '1968-11-22', 'Rock', 5),
(8, 'Hotel California', '1976-12-08', 'Rock', 6),
(9, 'Nevermind', '1991-09-24', 'Grunge', 7),
(10, 'The Joshua Tree', '1987-03-09', 'Rock', 8),
(11, '25', '2015-11-20', 'Pop', 9),
(12, 'Born to Run', '1975-08-25', 'Rock', 10),
(13, 'OK Computer', '1997-05-21', 'Alternative Rock', 11),
(14, 'Dark Horse', '2013-09-30', 'Pop', 12),
(15, 'Lemonade', '2016-04-23', 'R&B', 13),
(16, 'Lover', '2019-08-23', 'Pop', 14),
(17, 'Future Nostalgia', '2020-03-27', 'Pop', 15),
(18, 'A Moon Shaped Pool', '2016-05-08', 'Alternative Rock', 16),
(19, 'Born This Way', '2011-05-23', 'Pop', 17),
(20, 'Random Access Memories', '2013-05-17', 'Electronic', 18),
(21, 'Good Kid, M.A.A.D City', '2012-10-22', 'Hip Hop', 19),
(22, 'To Pimp a Butterfly', '2015-03-15', 'Hip Hop', 19),
(23, 'Starboy', '2016-11-25', 'R&B', 20),
(24, 'Life of Pablo', '2016-02-14', 'Hip Hop', 21),
(25, 'Stadium Arcadium', '2006-05-09', 'Rock', 22),
(26, 'In the Aeroplane Over the Sea', '1998-02-10', 'Indie Rock', 23),
(27, 'A Brief Inquiry into Online Relationships', '2018-11-30', 'Indie Pop', 24),
(28, 'Blonde', '2016-08-20', 'R&B', 25),
(29, 'Channel Orange', '2012-07-10', 'R&B', 25),
(30, 'Honeymoon', '2015-09-18', 'Alternative', 26),
(31, 'Speak Now', '2010-10-25', 'Country', 27),
(32, 'Fearless', '2008-11-11', 'Country', 27),
(33, '1989', '2014-10-27', 'Pop', 27),
(34, 'The Eminem Show', '2002-05-26', 'Hip Hop', 28),
(35, 'The Marshall Mathers LP', '2000-05-23', 'Hip Hop', 28),
(36, 'Recovery', '2010-06-18', 'Hip Hop', 28),
(37, 'The Blueprint', '2001-09-11', 'Hip Hop', 29),
(38, 'Black on Both Sides', '1999-11-24', 'Hip Hop', 30),
(39, 'Miseducation of Lauryn Hill', '1998-08-25', 'R&B', 31),
(40, 'The Chronic', '1992-12-15', 'Hip Hop', 32),
(41, 'Graduation', '2007-09-11', 'Hip Hop', 28),
(42, 'Life of Pi', '2016-02-11', 'Soundtrack', 33),
(43, 'The Sound of Silence', '1964-01-17', 'Folk', 34),
(44, '21', '2011-02-24', 'Pop', 9),
(45, 'My Beautiful Dark Twisted Fantasy', '2010-11-22', 'Hip Hop', 28),
(46, 'A Star Is Born', '2018-10-05', 'Soundtrack', 35),
(47, 'American Idiot', '2004-09-21', 'Punk Rock', 36),
(48, 'Born to Run', '1975-08-25', 'Rock', 10),
(49, 'Renaissance', '2022-07-29', 'R&B', 13),
(50, '25', '2015-11-20', 'Pop', 9),
(51, 'Everything Now', '2017-07-28', 'Rock', 37),
(52, 'Is This It', '2001-07-30', 'Indie Rock', 38),
(53, 'Hot Fuss', '2004-06-07', 'Rock', 39),
(54, 'The Killers', '2004-06-07', 'Rock', 39),
(55, 'The Black Parade', '2006-09-12', 'Rock', 40),
(56, 'Born to Run', '1975-08-25', 'Rock', 10),
(57, 'The Life of Pablo', '2016-02-14', 'Hip Hop', 21),
(58, 'Evolve', '2017-06-23', 'Pop', 41),
(59, 'Revival', '2017-12-15', 'Hip Hop', 28),
(60, 'A Moment Apart', '2017-09-29', 'Electronic', 42),
(61, 'SremmLife', '2016-01-06', 'Hip Hop', 43),
(62, 'Blurryface', '2015-05-19', 'Alternative Rock', 44),
(63, 'Gorillaz', '2001-03-26', 'Alternative', 45),
(64, 'Plastic Beach', '2010-03-03', 'Alternative', 45),
(65, 'Demon Days', '2005-05-23', 'Alternative', 45),
(66, 'Music to Be Murdered By', '2020-01-17', 'Hip Hop', 28),
(67, 'Take Care', '2011-11-15', 'Hip Hop', 28),
(68, 'So Far So Good', '2022-07-15', 'Pop', 46),
(69, 'Certified Lover Boy', '2021-09-03', 'Hip Hop', 47),
(70, 'Donda', '2021-08-29', 'Hip Hop', 28),
(71, 'After Hours', '2020-03-20', 'R&B', 20),
(72, 'Folkore', '2020-07-24', 'Indie Folk', 27),
(73, 'Evermore', '2020-12-11', 'Indie Folk', 27),
(74, 'Midnights', '2022-10-21', 'Pop', 27),
(75, 'The Last Dance', '2020-09-28', 'Documentary Soundtrack', 48),
(76, 'Montero', '2021-09-17', 'Pop', 49),
(77, 'Believe', '1998-11-10', 'Pop', 50),
(78, 'Back to Black', '2006-10-27', 'R&B', 51),
(79, 'Future Nostalgia', '2020-03-27', 'Pop', 52),
(80, 'Evermore', '2020-12-11', 'Indie Folk', 27),
(81, 'After Hours', '2020-03-20', 'R&B', 20),
(82, '4:44', '2017-06-30', 'Hip Hop', 29),
(83, 'Blonde', '2016-08-20', 'R&B', 25),
(84, 'The Color of the Night', '1999-03-01', 'Pop', 53);
select*from album;
CREATE TABLE playlist (
    playlist_id INT PRIMARY KEY, 
    playlist_name VARCHAR(100) NOT NULL,
    user_id INT
);
INSERT INTO playlist (playlist_id, playlist_name, user_id) VALUES
(1, 'Chill Vibes', 1),
(2, 'Workout Mix', 2),
(3, 'Road Trip Jams', 1),
(4, 'Top Hits 2024', 3),
(5, 'Classic Rock Anthems', 4),
(6, 'Indie Discoveries', 5),
(7, 'Mood Booster', 6),
(8, 'Throwback Thursday', 2),
(9, 'Hip Hop Essentials', 7),
(10, 'Pop Perfection', 8),
(11, 'Acoustic Afternoon', 9),
(12, 'Party Playlist', 3),
(13, 'Romantic Evenings', 10),
(14, 'Summer Sounds', 11),
(15, 'Late Night Listening', 12),
(16, 'Folk Favorites', 5),
(17, 'Epic Soundtracks', 13),
(18, 'Jazz Classics', 14),
(19, 'Electronic Beats', 15),
(20, 'Soulful Rhythms', 16),
(21, 'Gaming Soundtrack', 17),
(22, 'Metal Mayhem', 18),
(23, 'Chillstep Beats', 19),
(24, 'Family Favorites', 20),
(25, 'Nature Sounds', 21),
(26, 'Holiday Cheer', 22),
(27, 'Café Tunes', 23),
(28, 'New Age Sounds', 24),
(29, 'Classic Country', 25),
(30, 'Instrumental Essentials', 26),
(31, 'Study Beats', 27),
(32, 'Best of 90s', 28),
(33, '90s R&B', 29),
(34, 'Hip Hop Classics', 30),
(35, 'Sunset Chill', 31),
(36, 'Deep House Grooves', 32),
(37, 'Motown Magic', 33),
(38, 'World Music', 34),
(39, 'Sleep Sounds', 35),
(40, 'Acoustic Covers', 36),
(41, 'Best of 2000s', 37),
(42, 'Emo Classics', 38),
(43, 'Retro Beats', 39),
(44, 'Indie Pop', 40),
(45, 'Funky Grooves', 41),
(46, 'Bluegrass Bonanza', 42),
(47, 'Guitar Legends', 43),
(48, 'Vocal Chill', 44),
(49, 'Gothic Rock', 45),
(50, 'Soundtrack of My Life', 46),
(51, 'Bossa Nova', 47),
(52, 'Alternative Anthems', 48),
(53, 'Chill Lo-fi', 49),
(54, 'Singer-Songwriters', 50),
(55, 'Piano Melodies', 51),
(56, 'R&B Vibes', 52),
(57, 'Dance Party', 53),
(58, 'Post-Rock Soundscapes', 54),
(59, 'Mellow Beats', 55),
(60, 'Children’s Favorites', 56),
(61, 'Classic Hip Hop', 57),
(62, 'Symphonic Sounds', 58),
(63, 'Funky Chill', 59),
(64, 'Chillwave', 60),
(65, 'Indie Rock Anthems', 61),
(66, 'Classic Disco', 62),
(67, 'Relaxing Jazz', 63),
(68, 'Festival Anthems', 64),
(69, 'Vibrant Reggae', 65),
(70, 'Epic Rock Ballads', 66),
(71, 'Chillhop Beats', 67),
(72, 'Best of 80s', 68),
(73, 'Future House', 69),
(74, 'Classic Ballads', 70),
(75, 'Songs for Reflection', 71),
(76, 'Vintage Jazz', 72),
(77, 'Island Vibes', 73),
(78, 'Epic Movie Scores', 74),
(79, 'Sound of the 60s', 75),
(80, 'Soul Classics', 76),
(81, 'Acoustic Indie', 77),
(82, 'Classical Favorites', 78),
(83, 'Vocal Harmony', 79),
(84, 'Inspirational Tracks', 80),
(85, 'Dark Wave', 81),
(86, 'Retro Pop', 82),
(87, 'Afrobeats Essentials', 83),
(88, 'Folk Rock', 84),
(89, 'Chill EDM', 85),
(90, 'Best of 2010s', 86),
(91, 'Meditation Music', 87),
(92, 'The Best of Alternative', 88),
(93, 'Women of Rock', 89),
(94, 'Funky Soul', 90),
(95, 'Retro R&B', 91),
(96, 'Top 100 Songs', 92),
(97, 'Mellow Rock', 93),
(98, 'Pop Punk', 94),
(99, 'Hip Hop Vibes', 95),
(100, 'Timeless Love Songs', 96);
select*from playlist;
CREATE TABLE listening_history 
(
    user_id INT,
    song_id INT,
    listening_time DATETIME,
    device VARCHAR(50)
);
INSERT INTO listening_history (user_id, song_id, listening_time, device) VALUES
(1, 1, '2024-09-01 10:00:00', 'Smartphone'),
(1, 2, '2024-09-01 11:00:00', 'Laptop'),
(1, 3, '2024-09-01 12:00:00', 'Tablet'),
(2, 1, '2024-09-02 09:30:00', 'Smartphone'),
(2, 4, '2024-09-02 10:15:00', 'Desktop'),
(3, 2, '2024-09-03 08:45:00', 'Laptop'),
(3, 5, '2024-09-03 09:30:00', 'Smartphone'),
(4, 6, '2024-09-04 07:30:00', 'Tablet'),
(5, 7, '2024-09-04 14:00:00', 'Smartphone'),
(5, 8, '2024-09-04 15:00:00', 'Desktop'),
(6, 9, '2024-09-05 10:00:00', 'Laptop'),
(7, 10, '2024-09-05 11:30:00', 'Smartphone'),
(8, 1, '2024-09-06 13:00:00', 'Tablet'),
(9, 2, '2024-09-06 14:30:00', 'Smartphone'),
(10, 3, '2024-09-07 15:00:00', 'Desktop'),
(1, 4, '2024-09-08 09:00:00', 'Laptop'),
(2, 5, '2024-09-08 10:30:00', 'Tablet'),
(3, 6, '2024-09-09 11:00:00', 'Smartphone'),
(4, 7, '2024-09-09 12:30:00', 'Desktop'),
(5, 8, '2024-09-10 13:00:00', 'Smartphone'),
(6, 9, '2024-09-10 14:15:00', 'Laptop'),
(7, 10, '2024-09-11 15:45:00', 'Tablet'),
(8, 1, '2024-09-12 16:30:00', 'Smartphone'),
(9, 2, '2024-09-12 17:00:00', 'Desktop'),
(10, 3, '2024-09-13 18:15:00', 'Laptop'),
(1, 4, '2024-09-13 19:00:00', 'Smartphone'),
(2, 5, '2024-09-14 20:30:00', 'Tablet'),
(3, 6, '2024-09-15 21:00:00', 'Desktop'),
(4, 7, '2024-09-15 22:15:00', 'Smartphone'),
(5, 8, '2024-09-16 23:30:00', 'Laptop'),
(6, 9, '2024-09-17 10:45:00', 'Tablet'),
(7, 10, '2024-09-18 11:30:00', 'Smartphone'),
(8, 1, '2024-09-19 12:15:00', 'Desktop'),
(9, 2, '2024-09-20 13:00:00', 'Laptop'),
(10, 3, '2024-09-21 14:30:00', 'Smartphone'),
(1, 4, '2024-09-22 15:00:00', 'Tablet'),
(2, 5, '2024-09-23 16:30:00', 'Smartphone'),
(3, 6, '2024-09-24 17:15:00', 'Desktop'),
(4, 7, '2024-09-25 18:00:00', 'Laptop'),
(5, 8, '2024-09-26 19:30:00', 'Tablet'),
(6, 9, '2024-09-27 20:00:00', 'Smartphone'),
(7, 10, '2024-09-28 21:45:00', 'Desktop'),
(8, 1, '2024-09-29 22:30:00', 'Laptop'),
(9, 2, '2024-09-30 23:15:00', 'Smartphone'),
(10, 3, '2024-10-01 08:00:00', 'Tablet'),
(1, 4, '2024-10-02 09:15:00', 'Smartphone'),
(2, 5, '2024-10-03 10:30:00', 'Desktop'),
(3, 6, '2024-10-04 11:45:00', 'Laptop'),
(4, 7, '2024-10-05 12:00:00', 'Tablet'),
(5, 8, '2024-10-06 13:30:00', 'Smartphone'),
(6, 9, '2024-10-07 14:00:00', 'Desktop'),
(7, 10, '2024-10-08 15:15:00', 'Laptop'),
(8, 1, '2024-10-09 16:00:00', 'Tablet'),
(9, 2, '2024-10-10 17:30:00', 'Smartphone'),
(10, 3, '2024-10-11 18:45:00', 'Desktop'),
(1, 4, '2024-10-12 19:00:00', 'Laptop'),
(2, 5, '2024-10-13 20:15:00', 'Tablet'),
(3, 6, '2024-10-14 21:30:00', 'Smartphone'),
(4, 7, '2024-10-15 22:00:00', 'Desktop'),
(5, 8, '2024-10-16 23:15:00', 'Laptop'),
(6, 9, '2024-10-17 08:30:00', 'Tablet'),
(7, 10, '2024-10-18 09:45:00', 'Smartphone'),
(8, 1, '2024-10-19 10:00:00', 'Desktop'),
(9, 2, '2024-10-20 11:30:00', 'Laptop'),
(10, 3, '2024-10-21 12:15:00', 'Smartphone'),
(1, 4, '2024-10-22 13:00:00', 'Tablet'),
(2, 5, '2024-10-23 14:30:00', 'Smartphone'),
(3, 6, '2024-10-24 15:45:00', 'Desktop'),
(4, 7, '2024-10-25 16:30:00', 'Laptop'),
(5, 8, '2024-10-26 17:15:00', 'Tablet'),
(6, 9, '2024-10-27 18:00:00', 'Smartphone'),
(7, 10, '2024-10-28 19:30:00', 'Desktop'),
(8, 1, '2024-10-29 20:00:00', 'Laptop'),
(9, 2, '2024-10-30 21:15:00', 'Smartphone'),
(10, 3, '2024-10-31 22:30:00', 'Tablet');
select*from listening_history;
drop table Users; 
select subscription_plan from Users group by subscription_plan;
select subscription_plan from Users group by subscription_plan having subscription_plan=Free;
select*from Users;
select subscription_plan from Users group by subscription_plan having subscription_plan="Free";
select subscription_plan from Users group by subscription_plan order by subscription_plan desc;
select distinct subscription_plan from Users;
select max(artist_id) from artist;
select min(artist_id) from artist;
select avg(artist_id) from artist;
select sum(artist_id) from artist;
select artist.artist_id,artist.artist_name,album.album_id from artist inner join album on artist.genre=album.genre;
select artist.artist_id,artist.artist_name,album.album_id from artist left join album on artist.genre=album.genre;
select artist.artist_id,artist.artist_name,album.album_id from artist right join album on artist.genre=album.genre;
update  Users 
set email="abc@gmail.com"
where user_id=1;
select*from Users;
alter table listening_history
modify user_id int not null;
create table  liked_songs as
select*from  album;
delete from Users where user_id=1;
create view library as
select*from album; 
select playlist_name from playlist where playlist_id>5  and playlist_name="mood booster";
select playlist_name from playlist where playlist_id>70 or playlist_name="chill vibes";
select*from playlist where not playlist_name="chill vibes";
select *from playlist where playlist_name in("workout mix","vocal harmony","retro pop");
select*from playlist where playlist_id between 7 and 17;
select*from playlist where playlist_name like "C%";




